[{"model": "contenttypes.contenttype", "pk": 1, "fields": {"app_label": "admin", "model": "logentry"}}, {"model": "contenttypes.contenttype", "pk": 2, "fields": {"app_label": "auth", "model": "permission"}}, {"model": "contenttypes.contenttype", "pk": 3, "fields": {"app_label": "auth", "model": "group"}}, {"model": "contenttypes.contenttype", "pk": 4, "fields": {"app_label": "auth", "model": "user"}}, {"model": "contenttypes.contenttype", "pk": 5, "fields": {"app_label": "contenttypes", "model": "contenttype"}}, {"model": "contenttypes.contenttype", "pk": 6, "fields": {"app_label": "sessions", "model": "session"}}, {"model": "contenttypes.contenttype", "pk": 7, "fields": {"app_label": "member", "model": "userprofile"}}, {"model": "contenttypes.contenttype", "pk": 8, "fields": {"app_label": "member", "model": "surveyscores"}}, {"model": "contenttypes.contenttype", "pk": 9, "fields": {"app_label": "member", "model": "comment"}}, {"model": "contenttypes.contenttype", "pk": 10, "fields": {"app_label": "member", "model": "poke"}}, {"model": "contenttypes.contenttype", "pk": 11, "fields": {"app_label": "survey", "model": "survey"}}, {"model": "contenttypes.contenttype", "pk": 12, "fields": {"app_label": "survey", "model": "question"}}, {"model": "contenttypes.contenttype", "pk": 13, "fields": {"app_label": "answer", "model": "answer"}}, {"model": "sessions.session", "pk": "076hd384xxz5mrxdua1uv19vfhcbcdaf", "fields": {"session_data": "ODg1ZDZiNWU4ZWVmM2YwZTRlMGY4ZWZkZWY2OWIwMmMyZWUxNDIxYjp7Il9hdXRoX3VzZXJfaGFzaCI6IjQ2M2I1YzI5OTYzYzEzZTdhMTZmZmM1MDMyYTQzMjU5MjA2MDAxYTUiLCJfYXV0aF91c2VyX2JhY2tlbmQiOiJkamFuZ28uY29udHJpYi5hdXRoLmJhY2tlbmRzLk1vZGVsQmFja2VuZCIsIl9hdXRoX3VzZXJfaWQiOiIxIn0=", "expire_date": "2016-04-25T00:12:21.047Z"}}, {"model": "sessions.session", "pk": "pxxxqwtf78mlneb77stlo9xksolf4yb3", "fields": {"session_data": "NTU3YzEyNDc0YzQ5NWJlYjY0MDE5NTIzNWU5NzM4ZDUwMzZmODZhYTp7Il9hdXRoX3VzZXJfaGFzaCI6ImIyZTZhZDVlNzUyMTIzY2UzOGJmNGMzMzUyNjE0YjViNTc1ZGUzMDUiLCJfYXV0aF91c2VyX2JhY2tlbmQiOiJkamFuZ28uY29udHJpYi5hdXRoLmJhY2tlbmRzLk1vZGVsQmFja2VuZCIsIl9hdXRoX3VzZXJfaWQiOiIxIn0=", "expire_date": "2016-04-25T03:59:54.382Z"}}, {"model": "survey.survey", "pk": 1, "fields": {"survey_name": "Introduction Survey"}}, {"model": "survey.survey", "pk": 2, "fields": {"survey_name": "SFU Survey"}}, {"model": "survey.survey", "pk": 3, "fields": {"survey_name": "Sports Survey"}}, {"model": "survey.question", "pk": 1, "fields": {"survey": 1, "question_index": 0, "question_text": "Welcome to SFU Match! You will soon be matched with students across SFU based on your compatibility rating. To start off, what is your gender?", "question_type": 0}}, {"model": "survey.question", "pk": 2, "fields": {"survey": 1, "question_index": 1, "question_text": "At SFU Match, we support all types of interesting relationships. To help us better match you, please specify your gender preference.", "question_type": 0}}, {"model": "survey.question", "pk": 3, "fields": {"survey": 1, "question_index": 2, "question_text": "Do you like Tea?", "question_type": 0}}, {"model": "survey.question", "pk": 4, "fields": {"survey": 1, "question_index": 3, "question_text": "Do you like Coffee?", "question_type": 0}}, {"model": "survey.question", "pk": 5, "fields": {"survey": 1, "question_index": 4, "question_text": "On a scale of 1 to 5, how talkative would you rate yourself?", "question_type": 1}}, {"model": "survey.question", "pk": 6, "fields": {"survey": 1, "question_index": 5, "question_text": "On a scale of 1 to 5, how shy would you rate yourself?", "question_type": 1}}, {"model": "survey.question", "pk": 7, "fields": {"survey": 1, "question_index": 6, "question_text": "Given you are stranded on a desert island and you are only allowed to bring one item, what would you bring with you?", "question_type": 1}}, {"model": "survey.question", "pk": 8, "fields": {"survey": 1, "question_index": 7, "question_text": "What super power would you rather have?", "question_type": 1}}, {"model": "survey.question", "pk": 9, "fields": {"survey": 1, "question_index": 8, "question_text": "And finally... the question that will determine your true motivations: Money or happiness?", "question_type": 0}}, {"model": "survey.question", "pk": 10, "fields": {"survey": 2, "question_index": 0, "question_text": "Welcome to the SFU survey! This survey will compute a compatibility rating based on your academics. First Question... on a scale of how much do you value intelligence in your match?", "question_type": 1}}, {"model": "survey.question", "pk": 11, "fields": {"survey": 2, "question_index": 1, "question_text": "Would you date someone who is smarter than you?", "question_type": 0}}, {"model": "survey.question", "pk": 12, "fields": {"survey": 2, "question_index": 2, "question_text": "Fill in the blank. \"SFU engaging the _____________\"", "question_type": 1}}, {"model": "survey.question", "pk": 13, "fields": {"survey": 2, "question_index": 3, "question_text": "Now some hard questions... What is your GPA?", "question_type": 1}}, {"model": "survey.question", "pk": 14, "fields": {"survey": 2, "question_index": 4, "question_text": "Study dates... yay or nay?", "question_type": 0}}, {"model": "survey.question", "pk": 15, "fields": {"survey": 2, "question_index": 5, "question_text": "How many hours do you spend studying in a week?", "question_type": 1}}, {"model": "survey.question", "pk": 16, "fields": {"survey": 2, "question_index": 7, "question_text": "And finally the most important question... is it an avocado or an egg?", "question_type": 0}}, {"model": "survey.question", "pk": 17, "fields": {"survey": 2, "question_index": 6, "question_text": "What is the best food spot on campus? (Burnaby)", "question_type": 1}}, {"model": "survey.question", "pk": 18, "fields": {"survey": 3, "question_index": 0, "question_text": "Welcome to the sports survey! What is your favourite sport out of the following?", "question_type": 1}}, {"model": "survey.question", "pk": 19, "fields": {"survey": 3, "question_index": 1, "question_text": "How much time do you spend participating in sports activities?", "question_type": 1}}, {"model": "survey.question", "pk": 20, "fields": {"survey": 3, "question_index": 2, "question_text": "Do you like attending sporting events?", "question_type": 0}}, {"model": "survey.question", "pk": 21, "fields": {"survey": 3, "question_index": 3, "question_text": "Do you represent SFU in any competitive sports?", "question_type": 0}}, {"model": "survey.question", "pk": 22, "fields": {"survey": 3, "question_index": 4, "question_text": "How do you feel about emerging e-sports? (DOTA 2, League of Legends, etc.)", "question_type": 1}}, {"model": "auth.permission", "pk": 1, "fields": {"name": "Can add log entry", "content_type": 1, "codename": "add_logentry"}}, {"model": "auth.permission", "pk": 2, "fields": {"name": "Can change log entry", "content_type": 1, "codename": "change_logentry"}}, {"model": "auth.permission", "pk": 3, "fields": {"name": "Can delete log entry", "content_type": 1, "codename": "delete_logentry"}}, {"model": "auth.permission", "pk": 4, "fields": {"name": "Can add permission", "content_type": 2, "codename": "add_permission"}}, {"model": "auth.permission", "pk": 5, "fields": {"name": "Can change permission", "content_type": 2, "codename": "change_permission"}}, {"model": "auth.permission", "pk": 6, "fields": {"name": "Can delete permission", "content_type": 2, "codename": "delete_permission"}}, {"model": "auth.permission", "pk": 7, "fields": {"name": "Can add group", "content_type": 3, "codename": "add_group"}}, {"model": "auth.permission", "pk": 8, "fields": {"name": "Can change group", "content_type": 3, "codename": "change_group"}}, {"model": "auth.permission", "pk": 9, "fields": {"name": "Can delete group", "content_type": 3, "codename": "delete_group"}}, {"model": "auth.permission", "pk": 10, "fields": {"name": "Can add user", "content_type": 4, "codename": "add_user"}}, {"model": "auth.permission", "pk": 11, "fields": {"name": "Can change user", "content_type": 4, "codename": "change_user"}}, {"model": "auth.permission", "pk": 12, "fields": {"name": "Can delete user", "content_type": 4, "codename": "delete_user"}}, {"model": "auth.permission", "pk": 13, "fields": {"name": "Can add content type", "content_type": 5, "codename": "add_contenttype"}}, {"model": "auth.permission", "pk": 14, "fields": {"name": "Can change content type", "content_type": 5, "codename": "change_contenttype"}}, {"model": "auth.permission", "pk": 15, "fields": {"name": "Can delete content type", "content_type": 5, "codename": "delete_contenttype"}}, {"model": "auth.permission", "pk": 16, "fields": {"name": "Can add session", "content_type": 6, "codename": "add_session"}}, {"model": "auth.permission", "pk": 17, "fields": {"name": "Can change session", "content_type": 6, "codename": "change_session"}}, {"model": "auth.permission", "pk": 18, "fields": {"name": "Can delete session", "content_type": 6, "codename": "delete_session"}}, {"model": "auth.permission", "pk": 19, "fields": {"name": "Can add user profile", "content_type": 7, "codename": "add_userprofile"}}, {"model": "auth.permission", "pk": 20, "fields": {"name": "Can change user profile", "content_type": 7, "codename": "change_userprofile"}}, {"model": "auth.permission", "pk": 21, "fields": {"name": "Can delete user profile", "content_type": 7, "codename": "delete_userprofile"}}, {"model": "auth.permission", "pk": 22, "fields": {"name": "Can add survey scores", "content_type": 8, "codename": "add_surveyscores"}}, {"model": "auth.permission", "pk": 23, "fields": {"name": "Can change survey scores", "content_type": 8, "codename": "change_surveyscores"}}, {"model": "auth.permission", "pk": 24, "fields": {"name": "Can delete survey scores", "content_type": 8, "codename": "delete_surveyscores"}}, {"model": "auth.permission", "pk": 25, "fields": {"name": "Can add comment", "content_type": 9, "codename": "add_comment"}}, {"model": "auth.permission", "pk": 26, "fields": {"name": "Can change comment", "content_type": 9, "codename": "change_comment"}}, {"model": "auth.permission", "pk": 27, "fields": {"name": "Can delete comment", "content_type": 9, "codename": "delete_comment"}}, {"model": "auth.permission", "pk": 28, "fields": {"name": "Can add poke", "content_type": 10, "codename": "add_poke"}}, {"model": "auth.permission", "pk": 29, "fields": {"name": "Can change poke", "content_type": 10, "codename": "change_poke"}}, {"model": "auth.permission", "pk": 30, "fields": {"name": "Can delete poke", "content_type": 10, "codename": "delete_poke"}}, {"model": "auth.permission", "pk": 31, "fields": {"name": "Can add survey", "content_type": 11, "codename": "add_survey"}}, {"model": "auth.permission", "pk": 32, "fields": {"name": "Can change survey", "content_type": 11, "codename": "change_survey"}}, {"model": "auth.permission", "pk": 33, "fields": {"name": "Can delete survey", "content_type": 11, "codename": "delete_survey"}}, {"model": "auth.permission", "pk": 34, "fields": {"name": "Can add question", "content_type": 12, "codename": "add_question"}}, {"model": "auth.permission", "pk": 35, "fields": {"name": "Can change question", "content_type": 12, "codename": "change_question"}}, {"model": "auth.permission", "pk": 36, "fields": {"name": "Can delete question", "content_type": 12, "codename": "delete_question"}}, {"model": "auth.permission", "pk": 37, "fields": {"name": "Can add answer", "content_type": 13, "codename": "add_answer"}}, {"model": "auth.permission", "pk": 38, "fields": {"name": "Can change answer", "content_type": 13, "codename": "change_answer"}}, {"model": "auth.permission", "pk": 39, "fields": {"name": "Can delete answer", "content_type": 13, "codename": "delete_answer"}}, {"model": "auth.user", "pk": 1, "fields": {"password": "pbkdf2_sha256$24000$gMlYdxoTgmKI$EiwtLtiCXlSWs7VHKsN+v50VyKmGc6xM7AHMV40u9BQ=", "last_login": "2016-04-11T22:16:00.151Z", "is_superuser": false, "username": "mhnguyen@sfu.ca", "first_name": "Michael", "last_name": "Nguyen", "email": "mhnguyen@sfu.ca", "is_staff": false, "is_active": true, "date_joined": "2016-04-11T19:27:25.936Z", "groups": [], "user_permissions": []}}, {"model": "auth.user", "pk": 2, "fields": {"password": "pbkdf2_sha256$24000$lINpvf1d6dBo$0ThI5Ombv0hqNadOq6NJSwCH7LhLaJ0afTvhZMdHC7g=", "last_login": "2016-04-11T19:28:03.076Z", "is_superuser": false, "username": "laurence@sfu.ca", "first_name": "Laurence", "last_name": "Leung", "email": "laurence@sfu.ca", "is_staff": false, "is_active": true, "date_joined": "2016-04-11T19:28:02.623Z", "groups": [], "user_permissions": []}}, {"model": "auth.user", "pk": 3, "fields": {"password": "pbkdf2_sha256$24000$ouOOAILefRZd$5bbx5FrjAMoB162L9Q4LLLkbDZnsbijDJBAoQe48Oc8=", "last_login": "2016-04-11T22:03:59.239Z", "is_superuser": false, "username": "anjan@sfu.ca", "first_name": "Anjan", "last_name": "J", "email": "anjan@sfu.ca", "is_staff": false, "is_active": true, "date_joined": "2016-04-11T19:28:38.642Z", "groups": [], "user_permissions": []}}, {"model": "auth.user", "pk": 4, "fields": {"password": "pbkdf2_sha256$24000$0f0PZxxk4Mpv$8LxQTccU9RdEaW1rs7Dk6SFZtbBlQTkB4RskB/WPCys=", "last_login": "2016-04-11T22:04:26.586Z", "is_superuser": false, "username": "qaim@sfu.ca", "first_name": "Qaim", "last_name": "M", "email": "qaim@sfu.ca", "is_staff": false, "is_active": true, "date_joined": "2016-04-11T19:29:11.826Z", "groups": [], "user_permissions": []}}, {"model": "auth.user", "pk": 5, "fields": {"password": "pbkdf2_sha256$24000$ejzqbOZmDyyU$g9xFYBCFdki+SJbks4zli5KgDUfQ9GVhx8d99GHg5yM=", "last_login": "2016-04-11T22:13:24.852Z", "is_superuser": false, "username": "steffi@sfu.ca", "first_name": "Steffi", "last_name": "Bernal", "email": "steffi@sfu.ca", "is_staff": false, "is_active": true, "date_joined": "2016-04-11T19:29:49.325Z", "groups": [], "user_permissions": []}}, {"model": "auth.user", "pk": 6, "fields": {"password": "pbkdf2_sha256$24000$NSMzPMoMpMPT$bz9mn589B7apmeucdkR/pAXIHjlc9OyCIyhadPhQBXo=", "last_login": "2016-04-11T22:11:40.589Z", "is_superuser": false, "username": "myka@sfu.ca", "first_name": "Myka", "last_name": "Sangalang", "email": "myka@sfu.ca", "is_staff": false, "is_active": true, "date_joined": "2016-04-11T19:30:28.724Z", "groups": [], "user_permissions": []}}, {"model": "auth.user", "pk": 7, "fields": {"password": "pbkdf2_sha256$24000$73xYhkNz1Bn9$dVgovgkNSSNlMPNrWptHH8+sXaJ8mItSsZP58fyjgHQ=", "last_login": "2016-04-11T22:18:13.994Z", "is_superuser": false, "username": "brian@sfu.ca", "first_name": "Brian", "last_name": "Chan", "email": "brian@sfu.ca", "is_staff": false, "is_active": true, "date_joined": "2016-04-11T19:31:09.065Z", "groups": [], "user_permissions": []}}, {"model": "auth.user", "pk": 8, "fields": {"password": "pbkdf2_sha256$24000$W0fORXM7gd7Z$doWpYvwKo4OT7P/M+R34UQu5wiLORantYFb2DDw4c88=", "last_login": "2016-04-11T22:02:03.680Z", "is_superuser": false, "username": "fiona@sfu.ca", "first_name": "Fiona", "last_name": "Wu", "email": "fiona@sfu.ca", "is_staff": false, "is_active": true, "date_joined": "2016-04-11T19:31:31.940Z", "groups": [], "user_permissions": []}}, {"model": "auth.user", "pk": 9, "fields": {"password": "pbkdf2_sha256$24000$6jZqGvSA2XOO$TZ8kgMcjEnHa9LTMslurBWymQ3SDXJOm48ekY8G+2f0=", "last_login": "2016-04-11T22:11:00.434Z", "is_superuser": false, "username": "ariana@sfu.ca", "first_name": "Ariana", "last_name": "Almero", "email": "ariana@sfu.ca", "is_staff": false, "is_active": true, "date_joined": "2016-04-11T19:32:37.057Z", "groups": [], "user_permissions": []}}, {"model": "auth.user", "pk": 10, "fields": {"password": "pbkdf2_sha256$24000$bAYd0ka3EZcv$EJW8z7dq2AlmiUAV0H9Phtu9H5Lu5hVFvXWcdt46QDI=", "last_login": "2016-04-11T22:06:27.020Z", "is_superuser": false, "username": "cindy@sfu.ca", "first_name": "Cindy", "last_name": "Nguyen", "email": "cindy@sfu.ca", "is_staff": false, "is_active": true, "date_joined": "2016-04-11T22:06:26.629Z", "groups": [], "user_permissions": []}}, {"model": "member.userprofile", "pk": 1, "fields": {"user": 1, "phoneNumber": "6047215193", "birthday": "1993-07-16T07:00:00Z", "image": "user_profiles/1/b0e17781-4dc9-41e7-8bd6-6e86d780b417", "gender": 0, "genderPreference": 1}}, {"model": "member.userprofile", "pk": 2, "fields": {"user": 2, "phoneNumber": "6043101010", "birthday": "1993-07-28T07:00:00Z", "image": "default.jpg", "gender": -1, "genderPreference": -1}}, {"model": "member.userprofile", "pk": 3, "fields": {"user": 3, "phoneNumber": "6047215123", "birthday": "1993-01-01T08:00:00Z", "image": "default.jpg", "gender": 1, "genderPreference": 1}}, {"model": "member.userprofile", "pk": 4, "fields": {"user": 4, "phoneNumber": "6041010100", "birthday": "1993-09-30T07:00:00Z", "image": "user_profiles/4/fa281d41-fad1-404a-bbab-f86638750191", "gender": 0, "genderPreference": 0}}, {"model": "member.userprofile", "pk": 5, "fields": {"user": 5, "phoneNumber": "6046781234", "birthday": "1993-04-13T07:00:00Z", "image": "user_profiles/5/7f18479f-ff06-4516-96e9-4bee349a37d6", "gender": 1, "genderPreference": 0}}, {"model": "member.userprofile", "pk": 6, "fields": {"user": 6, "phoneNumber": "6048889123", "birthday": "1993-01-16T08:00:00Z", "image": "user_profiles/6/69553100-7c01-4adf-b911-d9c939f16f25", "gender": 1, "genderPreference": 0}}, {"model": "member.userprofile", "pk": 7, "fields": {"user": 7, "phoneNumber": "6048931342", "birthday": "1993-09-04T07:00:00Z", "image": "default.jpg", "gender": 0, "genderPreference": 1}}, {"model": "member.userprofile", "pk": 8, "fields": {"user": 8, "phoneNumber": "6047211238", "birthday": "1993-04-28T07:00:00Z", "image": "user_profiles/8/4b53cda8-f775-43e3-93f6-a47c952befe6", "gender": 1, "genderPreference": 0}}, {"model": "member.userprofile", "pk": 9, "fields": {"user": 9, "phoneNumber": "6041239853", "birthday": "1993-03-03T08:00:00Z", "image": "user_profiles/9/265152ea-9ec2-40f4-ab72-5d32c16229c2", "gender": 1, "genderPreference": 0}}, {"model": "member.userprofile", "pk": 10, "fields": {"user": 10, "phoneNumber": "6048212213", "birthday": "1993-02-09T08:00:00Z", "image": "user_profiles/10/861e51f8-c014-4d29-b998-6061d3cb848a", "gender": 1, "genderPreference": 0}}, {"model": "member.surveyscores", "pk": 1, "fields": {"user": 1, "survey_id": 1, "surveyScore": 16}}, {"model": "member.surveyscores", "pk": 2, "fields": {"user": 1, "survey_id": 2, "surveyScore": 20}}, {"model": "member.surveyscores", "pk": 3, "fields": {"user": 1, "survey_id": 3, "surveyScore": 4}}, {"model": "member.surveyscores", "pk": 4, "fields": {"user": 6, "survey_id": 1, "surveyScore": 4}}, {"model": "member.surveyscores", "pk": 5, "fields": {"user": 6, "survey_id": 3, "surveyScore": 13}}, {"model": "member.surveyscores", "pk": 6, "fields": {"user": 5, "survey_id": 1, "surveyScore": 4}}, {"model": "member.surveyscores", "pk": 7, "fields": {"user": 5, "survey_id": 2, "surveyScore": 18}}, {"model": "member.surveyscores", "pk": 8, "fields": {"user": 8, "survey_id": 1, "surveyScore": 4}}, {"model": "member.surveyscores", "pk": 9, "fields": {"user": 9, "survey_id": 1, "surveyScore": 35}}, {"model": "member.surveyscores", "pk": 10, "fields": {"user": 3, "survey_id": 1, "surveyScore": 9}}, {"model": "member.surveyscores", "pk": 11, "fields": {"user": 4, "survey_id": 1, "surveyScore": 4}}, {"model": "member.surveyscores", "pk": 12, "fields": {"user": 10, "survey_id": 1, "surveyScore": 17}}, {"model": "member.surveyscores", "pk": 13, "fields": {"user": 7, "survey_id": 1, "surveyScore": 9}}, {"model": "member.comment", "pk": 1, "fields": {"sender_user": 1, "content": "Hey, thanks for the add!", "receiver_user": 6, "comment_date": "2016-04-11T21:59:16.617Z"}}, {"model": "member.comment", "pk": 2, "fields": {"sender_user": 6, "content": "Hey Michael! Thanks for adding me!", "receiver_user": 1, "comment_date": "2016-04-11T21:59:47.273Z"}}, {"model": "member.comment", "pk": 3, "fields": {"sender_user": 9, "content": "I sent you a poke. We seem to have a high compatibility rating!", "receiver_user": 1, "comment_date": "2016-04-11T22:03:49.232Z"}}, {"model": "member.comment", "pk": 4, "fields": {"sender_user": 10, "content": "Sent you a poke!", "receiver_user": 1, "comment_date": "2016-04-11T22:08:43.720Z"}}, {"model": "member.comment", "pk": 5, "fields": {"sender_user": 1, "content": "Thanks for the poke! Would you like to meet up sometime?", "receiver_user": 8, "comment_date": "2016-04-11T22:09:24.256Z"}}, {"model": "member.comment", "pk": 6, "fields": {"sender_user": 1, "content": "I know you're in my CMPT 470 class!", "receiver_user": 6, "comment_date": "2016-04-11T22:09:43.771Z"}}, {"model": "member.poke", "pk": 1, "fields": {"sender_user": 6, "user_poke": true, "receiver_user": 1}}, {"model": "member.poke", "pk": 2, "fields": {"sender_user": 1, "user_poke": true, "receiver_user": 6}}, {"model": "member.poke", "pk": 3, "fields": {"sender_user": 8, "user_poke": true, "receiver_user": 1}}, {"model": "member.poke", "pk": 4, "fields": {"sender_user": 9, "user_poke": true, "receiver_user": 1}}, {"model": "member.poke", "pk": 5, "fields": {"sender_user": 10, "user_poke": true, "receiver_user": 1}}, {"model": "member.poke", "pk": 6, "fields": {"sender_user": 1, "user_poke": true, "receiver_user": 8}}, {"model": "member.poke", "pk": 7, "fields": {"sender_user": 5, "user_poke": true, "receiver_user": 1}}, {"model": "member.poke", "pk": 8, "fields": {"sender_user": 1, "user_poke": true, "receiver_user": 5}}, {"model": "answer.answer", "pk": 1, "fields": {"survey_id": 1, "question_id": 1, "user_id": 1, "value": "0"}}, {"model": "answer.answer", "pk": 2, "fields": {"survey_id": 1, "question_id": 3, "user_id": 1, "value": "0"}}, {"model": "answer.answer", "pk": 3, "fields": {"survey_id": 1, "question_id": 6, "user_id": 1, "value": "1"}}, {"model": "answer.answer", "pk": 4, "fields": {"survey_id": 1, "question_id": 5, "user_id": 1, "value": "2"}}, {"model": "answer.answer", "pk": 5, "fields": {"survey_id": 1, "question_id": 7, "user_id": 1, "value": "2"}}, {"model": "answer.answer", "pk": 6, "fields": {"survey_id": 1, "question_id": 4, "user_id": 1, "value": "0"}}, {"model": "answer.answer", "pk": 7, "fields": {"survey_id": 1, "question_id": 9, "user_id": 1, "value": "1"}}, {"model": "answer.answer", "pk": 8, "fields": {"survey_id": 1, "question_id": 2, "user_id": 1, "value": "1"}}, {"model": "answer.answer", "pk": 9, "fields": {"survey_id": 1, "question_id": 8, "user_id": 1, "value": "1"}}, {"model": "answer.answer", "pk": 10, "fields": {"survey_id": 2, "question_id": 12, "user_id": 1, "value": "3"}}, {"model": "answer.answer", "pk": 11, "fields": {"survey_id": 2, "question_id": 10, "user_id": 1, "value": "5"}}, {"model": "answer.answer", "pk": 12, "fields": {"survey_id": 2, "question_id": 13, "user_id": 1, "value": "3"}}, {"model": "answer.answer", "pk": 13, "fields": {"survey_id": 2, "question_id": 15, "user_id": 1, "value": "2"}}, {"model": "answer.answer", "pk": 14, "fields": {"survey_id": 2, "question_id": 17, "user_id": 1, "value": "2"}}, {"model": "answer.answer", "pk": 15, "fields": {"survey_id": 2, "question_id": 16, "user_id": 1, "value": "0"}}, {"model": "answer.answer", "pk": 16, "fields": {"survey_id": 2, "question_id": 11, "user_id": 1, "value": "0"}}, {"model": "answer.answer", "pk": 17, "fields": {"survey_id": 2, "question_id": 14, "user_id": 1, "value": "1"}}, {"model": "answer.answer", "pk": 18, "fields": {"survey_id": 3, "question_id": 19, "user_id": 1, "value": "1"}}, {"model": "answer.answer", "pk": 19, "fields": {"survey_id": 3, "question_id": 22, "user_id": 1, "value": "1"}}, {"model": "answer.answer", "pk": 20, "fields": {"survey_id": 3, "question_id": 20, "user_id": 1, "value": "0"}}, {"model": "answer.answer", "pk": 21, "fields": {"survey_id": 3, "question_id": 21, "user_id": 1, "value": "0"}}, {"model": "answer.answer", "pk": 22, "fields": {"survey_id": 3, "question_id": 18, "user_id": 1, "value": "2"}}, {"model": "answer.answer", "pk": 23, "fields": {"survey_id": 1, "question_id": 3, "user_id": 6, "value": "0"}}, {"model": "answer.answer", "pk": 24, "fields": {"survey_id": 1, "question_id": 1, "user_id": 6, "value": "1"}}, {"model": "answer.answer", "pk": 25, "fields": {"survey_id": 1, "question_id": 2, "user_id": 6, "value": "0"}}, {"model": "answer.answer", "pk": 26, "fields": {"survey_id": 1, "question_id": 5, "user_id": 6, "value": "1"}}, {"model": "answer.answer", "pk": 27, "fields": {"survey_id": 1, "question_id": 7, "user_id": 6, "value": "1"}}, {"model": "answer.answer", "pk": 28, "fields": {"survey_id": 1, "question_id": 4, "user_id": 6, "value": "0"}}, {"model": "answer.answer", "pk": 29, "fields": {"survey_id": 1, "question_id": 8, "user_id": 6, "value": "1"}}, {"model": "answer.answer", "pk": 30, "fields": {"survey_id": 1, "question_id": 6, "user_id": 6, "value": "1"}}, {"model": "answer.answer", "pk": 31, "fields": {"survey_id": 1, "question_id": 9, "user_id": 6, "value": "0"}}, {"model": "answer.answer", "pk": 32, "fields": {"survey_id": 3, "question_id": 19, "user_id": 6, "value": "2"}}, {"model": "answer.answer", "pk": 33, "fields": {"survey_id": 3, "question_id": 20, "user_id": 6, "value": "0"}}, {"model": "answer.answer", "pk": 34, "fields": {"survey_id": 3, "question_id": 22, "user_id": 6, "value": "1"}}, {"model": "answer.answer", "pk": 35, "fields": {"survey_id": 3, "question_id": 21, "user_id": 6, "value": "1"}}, {"model": "answer.answer", "pk": 36, "fields": {"survey_id": 3, "question_id": 18, "user_id": 6, "value": "5"}}, {"model": "answer.answer", "pk": 37, "fields": {"survey_id": 1, "question_id": 2, "user_id": 5, "value": "0"}}, {"model": "answer.answer", "pk": 38, "fields": {"survey_id": 1, "question_id": 4, "user_id": 5, "value": "0"}}, {"model": "answer.answer", "pk": 39, "fields": {"survey_id": 1, "question_id": 1, "user_id": 5, "value": "1"}}, {"model": "answer.answer", "pk": 40, "fields": {"survey_id": 1, "question_id": 8, "user_id": 5, "value": "1"}}, {"model": "answer.answer", "pk": 41, "fields": {"survey_id": 1, "question_id": 7, "user_id": 5, "value": "1"}}, {"model": "answer.answer", "pk": 42, "fields": {"survey_id": 1, "question_id": 5, "user_id": 5, "value": "1"}}, {"model": "answer.answer", "pk": 43, "fields": {"survey_id": 1, "question_id": 3, "user_id": 5, "value": "0"}}, {"model": "answer.answer", "pk": 44, "fields": {"survey_id": 1, "question_id": 9, "user_id": 5, "value": "0"}}, {"model": "answer.answer", "pk": 45, "fields": {"survey_id": 1, "question_id": 6, "user_id": 5, "value": "1"}}, {"model": "answer.answer", "pk": 46, "fields": {"survey_id": 2, "question_id": 10, "user_id": 5, "value": "5"}}, {"model": "answer.answer", "pk": 47, "fields": {"survey_id": 2, "question_id": 12, "user_id": 5, "value": "1"}}, {"model": "answer.answer", "pk": 48, "fields": {"survey_id": 2, "question_id": 13, "user_id": 5, "value": "1"}}, {"model": "answer.answer", "pk": 49, "fields": {"survey_id": 2, "question_id": 11, "user_id": 5, "value": "1"}}, {"model": "answer.answer", "pk": 50, "fields": {"survey_id": 2, "question_id": 15, "user_id": 5, "value": "3"}}, {"model": "answer.answer", "pk": 51, "fields": {"survey_id": 2, "question_id": 17, "user_id": 5, "value": "3"}}, {"model": "answer.answer", "pk": 52, "fields": {"survey_id": 2, "question_id": 14, "user_id": 5, "value": "0"}}, {"model": "answer.answer", "pk": 53, "fields": {"survey_id": 2, "question_id": 16, "user_id": 5, "value": "0"}}, {"model": "answer.answer", "pk": 54, "fields": {"survey_id": 1, "question_id": 1, "user_id": 8, "value": "1"}}, {"model": "answer.answer", "pk": 55, "fields": {"survey_id": 1, "question_id": 4, "user_id": 8, "value": "0"}}, {"model": "answer.answer", "pk": 56, "fields": {"survey_id": 1, "question_id": 2, "user_id": 8, "value": "0"}}, {"model": "answer.answer", "pk": 57, "fields": {"survey_id": 1, "question_id": 6, "user_id": 8, "value": "1"}}, {"model": "answer.answer", "pk": 58, "fields": {"survey_id": 1, "question_id": 3, "user_id": 8, "value": "0"}}, {"model": "answer.answer", "pk": 59, "fields": {"survey_id": 1, "question_id": 8, "user_id": 8, "value": "1"}}, {"model": "answer.answer", "pk": 60, "fields": {"survey_id": 1, "question_id": 9, "user_id": 8, "value": "0"}}, {"model": "answer.answer", "pk": 61, "fields": {"survey_id": 1, "question_id": 5, "user_id": 8, "value": "1"}}, {"model": "answer.answer", "pk": 62, "fields": {"survey_id": 1, "question_id": 7, "user_id": 8, "value": "1"}}, {"model": "answer.answer", "pk": 63, "fields": {"survey_id": 1, "question_id": 1, "user_id": 9, "value": "1"}}, {"model": "answer.answer", "pk": 64, "fields": {"survey_id": 1, "question_id": 2, "user_id": 9, "value": "0"}}, {"model": "answer.answer", "pk": 65, "fields": {"survey_id": 1, "question_id": 7, "user_id": 9, "value": "5"}}, {"model": "answer.answer", "pk": 66, "fields": {"survey_id": 1, "question_id": 6, "user_id": 9, "value": "5"}}, {"model": "answer.answer", "pk": 67, "fields": {"survey_id": 1, "question_id": 8, "user_id": 9, "value": "5"}}, {"model": "answer.answer", "pk": 68, "fields": {"survey_id": 1, "question_id": 4, "user_id": 9, "value": "1"}}, {"model": "answer.answer", "pk": 69, "fields": {"survey_id": 1, "question_id": 5, "user_id": 9, "value": "5"}}, {"model": "answer.answer", "pk": 70, "fields": {"survey_id": 1, "question_id": 3, "user_id": 9, "value": "1"}}, {"model": "answer.answer", "pk": 71, "fields": {"survey_id": 1, "question_id": 9, "user_id": 9, "value": "1"}}, {"model": "answer.answer", "pk": 72, "fields": {"survey_id": 1, "question_id": 1, "user_id": 3, "value": "1"}}, {"model": "answer.answer", "pk": 73, "fields": {"survey_id": 1, "question_id": 2, "user_id": 3, "value": "1"}}, {"model": "answer.answer", "pk": 74, "fields": {"survey_id": 1, "question_id": 6, "user_id": 3, "value": "1"}}, {"model": "answer.answer", "pk": 75, "fields": {"survey_id": 1, "question_id": 4, "user_id": 3, "value": "0"}}, {"model": "answer.answer", "pk": 76, "fields": {"survey_id": 1, "question_id": 7, "user_id": 3, "value": "1"}}, {"model": "answer.answer", "pk": 77, "fields": {"survey_id": 1, "question_id": 3, "user_id": 3, "value": "0"}}, {"model": "answer.answer", "pk": 78, "fields": {"survey_id": 1, "question_id": 5, "user_id": 3, "value": "1"}}, {"model": "answer.answer", "pk": 79, "fields": {"survey_id": 1, "question_id": 8, "user_id": 3, "value": "1"}}, {"model": "answer.answer", "pk": 80, "fields": {"survey_id": 1, "question_id": 9, "user_id": 3, "value": "0"}}, {"model": "answer.answer", "pk": 81, "fields": {"survey_id": 1, "question_id": 1, "user_id": 4, "value": "0"}}, {"model": "answer.answer", "pk": 82, "fields": {"survey_id": 1, "question_id": 2, "user_id": 4, "value": "0"}}, {"model": "answer.answer", "pk": 83, "fields": {"survey_id": 1, "question_id": 3, "user_id": 4, "value": "0"}}, {"model": "answer.answer", "pk": 84, "fields": {"survey_id": 1, "question_id": 5, "user_id": 4, "value": "1"}}, {"model": "answer.answer", "pk": 85, "fields": {"survey_id": 1, "question_id": 7, "user_id": 4, "value": "1"}}, {"model": "answer.answer", "pk": 86, "fields": {"survey_id": 1, "question_id": 6, "user_id": 4, "value": "1"}}, {"model": "answer.answer", "pk": 87, "fields": {"survey_id": 1, "question_id": 9, "user_id": 4, "value": "0"}}, {"model": "answer.answer", "pk": 88, "fields": {"survey_id": 1, "question_id": 8, "user_id": 4, "value": "1"}}, {"model": "answer.answer", "pk": 89, "fields": {"survey_id": 1, "question_id": 4, "user_id": 4, "value": "0"}}, {"model": "answer.answer", "pk": 90, "fields": {"survey_id": 1, "question_id": 2, "user_id": 10, "value": "0"}}, {"model": "answer.answer", "pk": 91, "fields": {"survey_id": 1, "question_id": 1, "user_id": 10, "value": "1"}}, {"model": "answer.answer", "pk": 92, "fields": {"survey_id": 1, "question_id": 5, "user_id": 10, "value": "3"}}, {"model": "answer.answer", "pk": 93, "fields": {"survey_id": 1, "question_id": 3, "user_id": 10, "value": "1"}}, {"model": "answer.answer", "pk": 94, "fields": {"survey_id": 1, "question_id": 8, "user_id": 10, "value": "2"}}, {"model": "answer.answer", "pk": 95, "fields": {"survey_id": 1, "question_id": 7, "user_id": 10, "value": "1"}}, {"model": "answer.answer", "pk": 96, "fields": {"survey_id": 1, "question_id": 4, "user_id": 10, "value": "1"}}, {"model": "answer.answer", "pk": 97, "fields": {"survey_id": 1, "question_id": 9, "user_id": 10, "value": "0"}}, {"model": "answer.answer", "pk": 98, "fields": {"survey_id": 1, "question_id": 6, "user_id": 10, "value": "1"}}, {"model": "answer.answer", "pk": 99, "fields": {"survey_id": 1, "question_id": 6, "user_id": 7, "value": "1"}}, {"model": "answer.answer", "pk": 100, "fields": {"survey_id": 1, "question_id": 1, "user_id": 7, "value": "0"}}, {"model": "answer.answer", "pk": 101, "fields": {"survey_id": 1, "question_id": 3, "user_id": 7, "value": "0"}}, {"model": "answer.answer", "pk": 102, "fields": {"survey_id": 1, "question_id": 2, "user_id": 7, "value": "1"}}, {"model": "answer.answer", "pk": 103, "fields": {"survey_id": 1, "question_id": 5, "user_id": 7, "value": "1"}}, {"model": "answer.answer", "pk": 104, "fields": {"survey_id": 1, "question_id": 8, "user_id": 7, "value": "1"}}, {"model": "answer.answer", "pk": 105, "fields": {"survey_id": 1, "question_id": 9, "user_id": 7, "value": "0"}}, {"model": "answer.answer", "pk": 106, "fields": {"survey_id": 1, "question_id": 7, "user_id": 7, "value": "1"}}, {"model": "answer.answer", "pk": 107, "fields": {"survey_id": 1, "question_id": 4, "user_id": 7, "value": "0"}}]